name,label
longan/00000019.jpg,longan
longan/00000001.jpg,longan
longan/00000022.jpg,longan
longan/00000192.jpg,longan
longan/00000096.jpg,longan
longan/00000053.jpg,longan
longan/00000084.jpg,longan
longan/00000051.jpg,longan
longan/00000108.jpg,longan
longan/00000042.jpg,longan
longan/00000094.jpg,longan
longan/00000010.jpg,longan
longan/00000159.jpg,longan
longan/00000045.jpg,longan
longan/00000141.jpg,longan
longan/00000079.jpg,longan
longan/00000143.jpg,longan
longan/00000187.jpg,longan
longan/00000144.jpg,longan
longan/00000112.jpg,longan
longan/00000114.jpg,longan
longan/00000014.jpg,longan
longan/00000078.jpg,longan
longan/00000160.jpg,longan
longan/00000166.jpg,longan
longan/00000171.jpg,longan
longan/00000142.jpg,longan
longan/00000177.jpg,longan
longan/00000190.jpg,longan
longan/00000122.jpg,longan
longan/00000073.jpg,longan
longan/00000092.jpg,longan
longan/00000167.jpg,longan
longan/00000041.jpg,longan
longan/00000065.jpg,longan
longan/00000156.jpg,longan
longan/00000039.jpg,longan
longan/00000106.jpg,longan
longan/00000154.jpg,longan
longan/00000040.jpg,longan
longan/00000151.jpg,longan
longan/00000017.jpg,longan
longan/00000038.jpg,longan
longan/00000063.jpg,longan
longan/00000055.jpg,longan
longan/00000138.jpg,longan
longan/00000126.jpg,longan
longan/00000196.jpg,longan
longan/00000147.jpg,longan
longan/00000003.jpg,longan
longan/00000121.jpg,longan
longan/00000013.jpg,longan
longan/00000091.jpg,longan
longan/00000008.jpg,longan
longan/00000158.jpg,longan
longan/00000164.jpg,longan
longan/00000180.jpg,longan
longan/00000061.jpg,longan
longan/00000175.jpg,longan
longan/00000088.jpg,longan
longan/00000093.jpg,longan
longan/00000035.jpg,longan
longan/00000146.jpg,longan
longan/00000169.jpg,longan
longan/00000016.jpg,longan
longan/00000155.jpg,longan
longan/00000029.jpg,longan
longan/00000188.jpg,longan
longan/00000028.jpg,longan
longan/00000002.jpg,longan
longan/00000182.jpg,longan
longan/00000125.jpg,longan
longan/00000123.jpg,longan
longan/00000059.jpg,longan
longan/00000057.jpg,longan
longan/00000025.jpg,longan
longan/00000109.jpg,longan
longan/00000189.jpg,longan
longan/00000186.jpg,longan
longan/00000168.jpg,longan
longan/00000174.jpg,longan
longan/00000083.jpg,longan
longan/00000150.jpg,longan
longan/00000015.jpg,longan
longan/00000116.jpg,longan
longan/00000176.jpg,longan
longan/00000081.jpg,longan
longan/00000183.jpg,longan
longan/00000197.jpg,longan
longan/00000047.jpg,longan
longan/00000052.jpg,longan
longan/00000074.jpg,longan
longan/00000046.jpg,longan
longan/00000080.jpg,longan
longan/00000117.jpg,longan
longan/00000071.jpg,longan
longan/00000133.jpg,longan
longan/00000000.jpg,longan
longan/00000124.jpg,longan
longan/00000111.jpg,longan
longan/00000199.jpg,longan
longan/00000097.jpg,longan
longan/00000090.jpg,longan
longan/00000118.jpg,longan
longan/00000193.jpg,longan
longan/00000127.jpg,longan
longan/00000134.jpg,longan
longan/00000131.jpg,longan
longan/00000136.jpg,longan
longan/00000152.jpg,longan
longan/00000165.jpg,longan
longan/00000170.jpg,longan
longan/00000195.jpg,longan
longan/00000020.jpg,longan
longan/00000105.jpg,longan
longan/00000048.jpg,longan
longan/00000172.jpg,longan
longan/00000119.jpg,longan
longan/00000077.jpg,longan
longan/00000043.jpg,longan
longan/00000128.jpg,longan
longan/00000068.jpg,longan
longan/00000135.jpg,longan
longan/00000032.jpg,longan
longan/00000050.jpg,longan
longan/00000009.jpg,longan
longan/00000173.jpg,longan
longan/00000087.jpg,longan
longan/00000103.jpg,longan
longan/00000113.jpg,longan
longan/00000067.jpg,longan
longan/00000132.jpg,longan
longan/00000049.jpg,longan
longan/00000069.jpg,longan
longan/00000100.jpg,longan
longan/00000056.jpg,longan
longan/00000021.jpg,longan
longan/00000027.jpg,longan
longan/00000181.jpg,longan
longan/00000095.jpg,longan
longan/00000033.jpg,longan
longan/00000044.jpg,longan
longan/00000149.jpg,longan
longan/00000085.jpg,longan
longan/00000098.jpg,longan
longan/00000089.jpg,longan
longan/00000120.jpg,longan
longan/00000115.jpg,longan
longan/00000030.jpg,longan
longan/00000104.jpg,longan
longan/00000163.jpg,longan
longan/00000185.jpg,longan
longan/00000023.jpg,longan
longan/00000064.jpg,longan
longan/00000070.jpg,longan
longan/00000107.jpg,longan
longan/00000130.jpg,longan
longan/00000072.jpg,longan
longan/00000037.jpg,longan
longan/00000054.jpg,longan
longan/00000129.jpg,longan
longan/00000011.jpg,longan
longan/00000066.jpg,longan
longan/00000102.jpg,longan
longan/00000137.jpg,longan
longan/00000005.jpg,longan
longan/00000086.jpg,longan
longan/00000161.jpg,longan
longan/00000004.jpg,longan
longan/00000058.jpg,longan
longan/00000060.jpg,longan
longan/00000082.jpg,longan
longan/00000062.jpg,longan
longan/00000012.jpg,longan
longan/00000101.jpg,longan
longan/00000148.jpg,longan
longan/00000179.jpg,longan
longan/00000184.jpg,longan
longan/00000034.jpg,longan
longan/00000162.jpg,longan
longan/00000191.jpg,longan
longan/00000024.jpg,longan
longan/00000145.jpg,longan
longan/00000140.jpg,longan
longan/00000099.jpg,longan
longan/00000031.jpg,longan
longan/00000157.jpg,longan
longan/00000018.jpg,longan
longan/00000007.jpg,longan
longan/00000076.jpg,longan
longan/00000006.jpg,longan
longan/00000026.jpg,longan
longan/00000153.jpg,longan
longan/00000194.jpg,longan
longan/00000198.jpg,longan
longan/00000178.jpg,longan
longan/00000110.jpg,longan
rambutan/00000019.jpg,rambutan
rambutan/00000001.jpg,rambutan
rambutan/00000022.jpg,rambutan
rambutan/00000192.jpg,rambutan
rambutan/00000096.jpg,rambutan
rambutan/00000053.jpg,rambutan
rambutan/00000084.jpg,rambutan
rambutan/00000051.jpg,rambutan
rambutan/00000108.jpg,rambutan
rambutan/00000042.jpg,rambutan
rambutan/00000094.jpg,rambutan
rambutan/00000010.jpg,rambutan
rambutan/00000045.jpg,rambutan
rambutan/00000141.jpg,rambutan
rambutan/00000079.jpg,rambutan
rambutan/00000143.jpg,rambutan
rambutan/00000187.jpg,rambutan
rambutan/00000112.jpg,rambutan
rambutan/00000114.jpg,rambutan
rambutan/00000014.jpg,rambutan
rambutan/00000078.jpg,rambutan
rambutan/00000160.jpg,rambutan
rambutan/00000166.jpg,rambutan
rambutan/00000171.jpg,rambutan
rambutan/00000142.jpg,rambutan
rambutan/00000190.jpg,rambutan
rambutan/00000122.jpg,rambutan
rambutan/00000073.jpg,rambutan
rambutan/00000092.jpg,rambutan
rambutan/00000167.jpg,rambutan
rambutan/00000041.jpg,rambutan
rambutan/00000065.jpg,rambutan
rambutan/00000156.jpg,rambutan
rambutan/00000039.jpg,rambutan
rambutan/00000106.jpg,rambutan
rambutan/00000154.jpg,rambutan
rambutan/00000040.jpg,rambutan
rambutan/00000151.jpg,rambutan
rambutan/00000017.jpg,rambutan
rambutan/00000038.jpg,rambutan
rambutan/00000063.jpg,rambutan
rambutan/00000055.jpg,rambutan
rambutan/00000138.jpg,rambutan
rambutan/00000126.jpg,rambutan
rambutan/00000196.jpg,rambutan
rambutan/00000147.jpg,rambutan
rambutan/00000003.jpg,rambutan
rambutan/00000121.jpg,rambutan
rambutan/00000013.jpg,rambutan
rambutan/00000091.jpg,rambutan
rambutan/00000008.jpg,rambutan
rambutan/00000158.jpg,rambutan
rambutan/00000164.jpg,rambutan
rambutan/00000180.jpg,rambutan
rambutan/00000061.jpg,rambutan
rambutan/00000175.jpg,rambutan
rambutan/00000088.jpg,rambutan
rambutan/00000093.jpg,rambutan
rambutan/00000035.jpg,rambutan
rambutan/00000146.jpg,rambutan
rambutan/00000169.jpg,rambutan
rambutan/00000016.jpg,rambutan
rambutan/00000155.jpg,rambutan
rambutan/00000029.jpg,rambutan
rambutan/00000188.jpg,rambutan
rambutan/00000028.jpg,rambutan
rambutan/00000002.jpg,rambutan
rambutan/00000182.jpg,rambutan
rambutan/00000125.jpg,rambutan
rambutan/00000123.jpg,rambutan
rambutan/00000059.jpg,rambutan
rambutan/00000057.jpg,rambutan
rambutan/00000025.jpg,rambutan
rambutan/00000109.jpg,rambutan
rambutan/00000189.jpg,rambutan
rambutan/00000186.jpg,rambutan
rambutan/00000139.jpg,rambutan
rambutan/00000168.jpg,rambutan
rambutan/00000075.jpg,rambutan
rambutan/00000174.jpg,rambutan
rambutan/00000083.jpg,rambutan
rambutan/00000150.jpg,rambutan
rambutan/00000015.jpg,rambutan
rambutan/00000036.jpg,rambutan
rambutan/00000116.jpg,rambutan
rambutan/00000176.jpg,rambutan
rambutan/00000081.jpg,rambutan
rambutan/00000183.jpg,rambutan
rambutan/00000197.jpg,rambutan
rambutan/00000047.jpg,rambutan
rambutan/00000052.jpg,rambutan
rambutan/00000074.jpg,rambutan
rambutan/00000046.jpg,rambutan
rambutan/00000080.jpg,rambutan
rambutan/00000117.jpg,rambutan
rambutan/00000071.jpg,rambutan
rambutan/00000133.jpg,rambutan
rambutan/00000000.jpg,rambutan
rambutan/00000124.jpg,rambutan
rambutan/00000111.jpg,rambutan
rambutan/00000199.jpg,rambutan
rambutan/00000097.jpg,rambutan
rambutan/00000090.jpg,rambutan
rambutan/00000118.jpg,rambutan
rambutan/00000193.jpg,rambutan
rambutan/00000134.jpg,rambutan
rambutan/00000131.jpg,rambutan
rambutan/00000136.jpg,rambutan
rambutan/00000152.jpg,rambutan
rambutan/00000165.jpg,rambutan
rambutan/00000170.jpg,rambutan
rambutan/00000195.jpg,rambutan
rambutan/00000020.jpg,rambutan
rambutan/00000105.jpg,rambutan
rambutan/00000048.jpg,rambutan
rambutan/00000172.jpg,rambutan
rambutan/00000119.jpg,rambutan
rambutan/00000077.jpg,rambutan
rambutan/00000043.jpg,rambutan
rambutan/00000128.jpg,rambutan
rambutan/00000068.jpg,rambutan
rambutan/00000135.jpg,rambutan
rambutan/00000032.jpg,rambutan
rambutan/00000050.jpg,rambutan
rambutan/00000009.jpg,rambutan
rambutan/00000173.jpg,rambutan
rambutan/00000087.jpg,rambutan
rambutan/00000103.jpg,rambutan
rambutan/00000113.jpg,rambutan
rambutan/00000067.jpg,rambutan
rambutan/00000132.jpg,rambutan
rambutan/00000049.jpg,rambutan
rambutan/00000069.jpg,rambutan
rambutan/00000100.jpg,rambutan
rambutan/00000056.jpg,rambutan
rambutan/00000021.jpg,rambutan
rambutan/00000027.jpg,rambutan
rambutan/00000181.jpg,rambutan
rambutan/00000095.jpg,rambutan
rambutan/00000033.jpg,rambutan
rambutan/00000044.jpg,rambutan
rambutan/00000149.jpg,rambutan
rambutan/00000085.jpg,rambutan
rambutan/00000098.jpg,rambutan
rambutan/00000089.jpg,rambutan
rambutan/00000120.jpg,rambutan
rambutan/00000115.jpg,rambutan
rambutan/00000030.jpg,rambutan
rambutan/00000104.jpg,rambutan
rambutan/00000163.jpg,rambutan
rambutan/00000023.jpg,rambutan
rambutan/00000070.jpg,rambutan
rambutan/00000107.jpg,rambutan
rambutan/00000130.jpg,rambutan
rambutan/00000072.jpg,rambutan
rambutan/00000037.jpg,rambutan
rambutan/00000054.jpg,rambutan
rambutan/00000129.jpg,rambutan
rambutan/00000011.jpg,rambutan
rambutan/00000066.jpg,rambutan
rambutan/00000102.jpg,rambutan
rambutan/00000137.jpg,rambutan
rambutan/00000005.jpg,rambutan
rambutan/00000086.jpg,rambutan
rambutan/00000161.jpg,rambutan
rambutan/00000004.jpg,rambutan
rambutan/00000058.jpg,rambutan
rambutan/00000060.jpg,rambutan
rambutan/00000082.jpg,rambutan
rambutan/00000062.jpg,rambutan
rambutan/00000012.jpg,rambutan
rambutan/00000101.jpg,rambutan
rambutan/00000148.jpg,rambutan
rambutan/00000179.jpg,rambutan
rambutan/00000184.jpg,rambutan
rambutan/00000034.jpg,rambutan
rambutan/00000162.jpg,rambutan
rambutan/00000191.jpg,rambutan
rambutan/00000024.jpg,rambutan
rambutan/00000145.jpg,rambutan
rambutan/00000140.jpg,rambutan
rambutan/00000099.jpg,rambutan
rambutan/00000031.jpg,rambutan
rambutan/00000157.jpg,rambutan
rambutan/00000018.jpg,rambutan
rambutan/00000007.jpg,rambutan
rambutan/00000076.jpg,rambutan
rambutan/00000006.jpg,rambutan
rambutan/00000026.jpg,rambutan
rambutan/00000153.jpg,rambutan
rambutan/00000194.jpg,rambutan
rambutan/00000198.jpg,rambutan
rambutan/00000178.jpg,rambutan
rambutan/00000110.jpg,rambutan
litchi/00000019.jpg,litchi
litchi/00000001.jpg,litchi
litchi/00000022.jpg,litchi
litchi/00000192.jpg,litchi
litchi/00000096.jpg,litchi
litchi/00000053.jpg,litchi
litchi/00000084.jpg,litchi
litchi/00000051.jpg,litchi
litchi/00000108.jpg,litchi
litchi/00000042.jpg,litchi
litchi/00000094.jpg,litchi
litchi/00000010.jpg,litchi
litchi/00000159.jpg,litchi
litchi/00000045.jpg,litchi
litchi/00000141.jpg,litchi
litchi/00000079.jpg,litchi
litchi/00000143.jpg,litchi
litchi/00000187.jpg,litchi
litchi/00000144.jpg,litchi
litchi/00000112.jpg,litchi
litchi/00000114.jpg,litchi
litchi/00000014.jpg,litchi
litchi/00000078.jpg,litchi
litchi/00000160.jpg,litchi
litchi/00000166.jpg,litchi
litchi/00000171.jpg,litchi
litchi/00000142.jpg,litchi
litchi/00000177.jpg,litchi
litchi/00000190.jpg,litchi
litchi/00000122.jpg,litchi
litchi/00000073.jpg,litchi
litchi/00000092.jpg,litchi
litchi/00000167.jpg,litchi
litchi/00000041.jpg,litchi
litchi/00000065.jpg,litchi
litchi/00000156.jpg,litchi
litchi/00000039.jpg,litchi
litchi/00000106.jpg,litchi
litchi/00000154.jpg,litchi
litchi/00000040.jpg,litchi
litchi/00000151.jpg,litchi
litchi/00000017.jpg,litchi
litchi/00000038.jpg,litchi
litchi/00000063.jpg,litchi
litchi/00000055.jpg,litchi
litchi/00000138.jpg,litchi
litchi/00000126.jpg,litchi
litchi/00000196.jpg,litchi
litchi/00000147.jpg,litchi
litchi/00000003.jpg,litchi
litchi/00000121.jpg,litchi
litchi/00000013.jpg,litchi
litchi/00000091.jpg,litchi
litchi/00000008.jpg,litchi
litchi/00000158.jpg,litchi
litchi/00000164.jpg,litchi
litchi/00000180.jpg,litchi
litchi/00000061.jpg,litchi
litchi/00000175.jpg,litchi
litchi/00000088.jpg,litchi
litchi/00000093.jpg,litchi
litchi/00000035.jpg,litchi
litchi/00000146.jpg,litchi
litchi/00000169.jpg,litchi
litchi/00000016.jpg,litchi
litchi/00000155.jpg,litchi
litchi/00000029.jpg,litchi
litchi/00000188.jpg,litchi
litchi/00000028.jpg,litchi
litchi/00000002.jpg,litchi
litchi/00000182.jpg,litchi
litchi/00000125.jpg,litchi
litchi/00000123.jpg,litchi
litchi/00000059.jpg,litchi
litchi/00000057.jpg,litchi
litchi/00000025.jpg,litchi
litchi/00000109.jpg,litchi
litchi/00000189.jpg,litchi
litchi/00000186.jpg,litchi
litchi/00000139.jpg,litchi
litchi/00000168.jpg,litchi
litchi/00000075.jpg,litchi
litchi/00000174.jpg,litchi
litchi/00000083.jpg,litchi
litchi/00000150.jpg,litchi
litchi/00000015.jpg,litchi
litchi/00000036.jpg,litchi
litchi/00000116.jpg,litchi
litchi/00000176.jpg,litchi
litchi/00000081.jpg,litchi
litchi/00000183.jpg,litchi
litchi/00000197.jpg,litchi
litchi/00000047.jpg,litchi
litchi/00000052.jpg,litchi
litchi/00000074.jpg,litchi
litchi/00000046.jpg,litchi
litchi/00000080.jpg,litchi
litchi/00000117.jpg,litchi
litchi/00000071.jpg,litchi
litchi/00000133.jpg,litchi
litchi/00000000.jpg,litchi
litchi/00000124.jpg,litchi
litchi/00000111.jpg,litchi
litchi/00000199.jpg,litchi
litchi/00000097.jpg,litchi
litchi/00000090.jpg,litchi
litchi/00000118.jpg,litchi
litchi/00000193.jpg,litchi
litchi/00000127.jpg,litchi
litchi/00000134.jpg,litchi
litchi/00000131.jpg,litchi
litchi/00000136.jpg,litchi
litchi/00000152.jpg,litchi
litchi/00000165.jpg,litchi
litchi/00000170.jpg,litchi
litchi/00000195.jpg,litchi
litchi/00000020.jpg,litchi
litchi/00000105.jpg,litchi
litchi/00000048.jpg,litchi
litchi/00000172.jpg,litchi
litchi/00000119.jpg,litchi
litchi/00000077.jpg,litchi
litchi/00000043.jpg,litchi
litchi/00000128.jpg,litchi
litchi/00000068.jpg,litchi
litchi/00000135.jpg,litchi
litchi/00000032.jpg,litchi
litchi/00000050.jpg,litchi
litchi/00000009.jpg,litchi
litchi/00000173.jpg,litchi
litchi/00000087.jpg,litchi
litchi/00000103.jpg,litchi
litchi/00000113.jpg,litchi
litchi/00000067.jpg,litchi
litchi/00000132.jpg,litchi
litchi/00000049.jpg,litchi
litchi/00000069.jpg,litchi
litchi/00000100.jpg,litchi
litchi/00000056.jpg,litchi
litchi/00000021.jpg,litchi
litchi/00000027.jpg,litchi
litchi/00000181.jpg,litchi
litchi/00000095.jpg,litchi
litchi/00000033.jpg,litchi
litchi/00000044.jpg,litchi
litchi/00000149.jpg,litchi
litchi/00000085.jpg,litchi
litchi/00000098.jpg,litchi
litchi/00000120.jpg,litchi
litchi/00000115.jpg,litchi
litchi/00000030.jpg,litchi
litchi/00000104.jpg,litchi
litchi/00000163.jpg,litchi
litchi/00000185.jpg,litchi
litchi/00000023.jpg,litchi
litchi/00000064.jpg,litchi
litchi/00000070.jpg,litchi
litchi/00000107.jpg,litchi
litchi/00000130.jpg,litchi
litchi/00000072.jpg,litchi
litchi/00000037.jpg,litchi
litchi/00000054.jpg,litchi
litchi/00000129.jpg,litchi
litchi/00000011.jpg,litchi
litchi/00000066.jpg,litchi
litchi/00000102.jpg,litchi
litchi/00000137.jpg,litchi
litchi/00000005.jpg,litchi
litchi/00000086.jpg,litchi
litchi/00000161.jpg,litchi
litchi/00000004.jpg,litchi
litchi/00000058.jpg,litchi
litchi/00000060.jpg,litchi
litchi/00000082.jpg,litchi
litchi/00000062.jpg,litchi
litchi/00000012.jpg,litchi
litchi/00000101.jpg,litchi
litchi/00000148.jpg,litchi
litchi/00000179.jpg,litchi
litchi/00000184.jpg,litchi
litchi/00000034.jpg,litchi
litchi/00000162.jpg,litchi
litchi/00000191.jpg,litchi
litchi/00000024.jpg,litchi
litchi/00000145.jpg,litchi
litchi/00000140.jpg,litchi
litchi/00000099.jpg,litchi
litchi/00000031.jpg,litchi
litchi/00000157.jpg,litchi
litchi/00000018.jpg,litchi
litchi/00000007.jpg,litchi
litchi/00000076.jpg,litchi
litchi/00000006.jpg,litchi
litchi/00000026.jpg,litchi
litchi/00000153.jpg,litchi
litchi/00000194.jpg,litchi
litchi/00000198.jpg,litchi
litchi/00000178.jpg,litchi
litchi/00000110.jpg,litchi
